Firstname;Lastname;Email;Username
Hardouin;Parizeau;Hardouin.Parizeau@SupremeAuto.fr;Hardouin_Parizeau
William;Dumont;William.Dumont@SupremeAuto.fr;William_Dumont
Auda;Chicoine;Auda.Chicoine@SupremeAuto.fr;Auda_Chicoine
Agramant;Bolduc;Agramant.Bolduc@SupremeAuto.fr;Agramant_Bolduc
Sacripant;Vachon;Sacripant.Vachon@SupremeAuto.fr;Sacripant_Vachon
Luc;Louis;Luc.Louis@SupremeAuto.fr;Luc_Louis
Alain;Phaneuf;Alain.Phaneuf@SupremeAuto.fr;Alain_Phaneuf
Gabriel;Dupont;Gabriel.Dupont@SupremeAuto.fr;Gabriel_Dupont
Nicholas;Bizier;Nicholas.Bizier@SupremeAuto.fr;Nicholas_Bizier
Dexter;Lebrun;Dexter.Lebrun@SupremeAuto.fr;Dexter_Lebrun
Grosvenor;Desrosiers;Grosvenor.Desrosiers@SupremeAuto.fr;Grosvenor_Desrosiers
Stephane;Deslauriers;Stephane.Deslauriers@SupremeAuto.fr;Stephane_Deslauriers
Anton;Masse;Anton.Masse@SupremeAuto.fr;Anton_Masse
Oriel;Parenteau;Oriel.Parenteau@SupremeAuto.fr;Oriel_Parenteau
Gallia;Sarrazin;Gallia.Sarrazin@SupremeAuto.fr;Gallia_Sarrazin
Bruno;Cotuand;Bruno.Cotuand@SupremeAuto.fr;Bruno_Cotuand
Rachelle;Paimboeuf;Rachelle.Paimboeuf@SupremeAuto.fr;Rachelle_Paimboeuf
Danielle;Lafrenière;Danielle.Lafrenière@SupremeAuto.fr;Danielle_Lafrenière
Zerbino;Theriault;Zerbino.Theriault@SupremeAuto.fr;Zerbino_Theriault
Juliette;Dube;Juliette.Dube@SupremeAuto.fr;Juliette_Dube
Nicolette;Dumoulin;Nicolette.Dumoulin@SupremeAuto.fr;Nicolette_Dumoulin
Mason;Leroy;Mason.Leroy@SupremeAuto.fr;Mason_Leroy
Lorraine;Vadeboncoeur;Lorraine.Vadeboncoeur@SupremeAuto.fr;Lorraine_Vadeboncoeur
Noemi;Laurent;Noemi.Laurent@SupremeAuto.fr;Noemi_Laurent
